Workbook

Sheet Produse
A1: 30 de produse — cost, preț de vânzare, profit pe comandă (lei)
A2: Prețurile AliExpress sunt din rezultatele de căutare, nu verificate pe pagină — verifică în coș. Albastru/galben = se poate modifica. Ipotezele de cost sunt în foaia „Ipoteze”. Profitul = ce rămâne după produs, ambalaj, plată, retururi, impozit (și reclamă, unde e cazul).
A4: # | B4: Recomandare | C4: Produs | D4: Link AliExpress | E4: Tip link | F4: Preț AliExpress ($/buc) | G4: Transport ($/buc) | H4: Cost ajuns în RO (lei/buc) | I4: Buc. în ofertă | J4: Preț vânzare ofertă (lei) | K4: Concurență RO | L4: Prețuri concurență | M4: Cost total comandă fără reclamă (lei) | N4: PROFIT fără reclamă, client plătește livrarea | O4: PROFIT cu reclamă moderată, client plătește livrarea | P4: PROFIT livrare gratuită + reclamă moderată | Q4: Marjă (fără reclamă) | R4: Observații
A5: 1 | C5: Umplutură spațiu scaune PU (2 buc) | D5: Deschide | E5: produs | F5: 2 | G5: 0.5 | H5: =(F5*Ipoteze!$B$4*(1+Ipoteze!$B$6)+G5*Ipoteze!$B$4+(Ipoteze!$B$7*Ipoteze!$B$5+Ipoteze!$B$8)/Ipoteze!$B$9)*(1+Ipoteze!$B$10) -> 15.461286 | I5: 1 | J5: 49 | K5: Vezi | L5: eMAG 20–100 lei; Edibazzar 37–49 | M5: =I5*H5+Ipoteze!$B$11+Ipoteze!$B$12+Ipoteze!$B$14+J5*(Ipoteze!$B$15+Ipoteze!$B$16)+Ipoteze!$B$17*(Ipoteze!$B$13+0.5*I5*H5)+Ipoteze!$B$18*(H5+Ipoteze!$B$13)+Ipoteze!$B$21 -> 28.133963 | N5: =J5-M5 -> 20.866037 | O5: =N5+Ipoteze!$B$21-Ipoteze!$B$19 -> 3.8660372 | P5: =O5-Ipoteze!$B$13 -> -13.133963 | Q5: =IFERROR(N5/J5,0) -> 0.42583749
A6: 2 | C6: Cârlige tetieră (set 8 = 2x4) | D6: Deschide | E6: căutare | F6: 1 | G6: 0.15 | H6: =(F6*Ipoteze!$B$4*(1+Ipoteze!$B$6)+G6*Ipoteze!$B$4+(Ipoteze!$B$7*Ipoteze!$B$5+Ipoteze!$B$8)/Ipoteze!$B$9)*(1+Ipoteze!$B$10) -> 7.6617849 | I6: 2 | J6: 29 | K6: Vezi | L6: eMAG de la 8,11 lei/4 buc | M6: =I6*H6+Ipoteze!$B$11+Ipoteze!$B$12+Ipoteze!$B$14+J6*(Ipoteze!$B$15+Ipoteze!$B$16)+Ipoteze!$B$17*(Ipoteze!$B$13+0.5*I6*H6)+Ipoteze!$B$18*(H6+Ipoteze!$B$13)+Ipoteze!$B$21 -> 27.05813 | N6: =J6-M6 -> 1.9418696 | O6: =N6+Ipoteze!$B$21-Ipoteze!$B$19 -> -15.05813 | P6: =O6-Ipoteze!$B$13 -> -32.05813 | Q6: =IFERROR(N6/J6,0) -> 0.066961019
A7: 3 | C7: Bandă protecție portieră 5 m (2 role) | D7: Deschide | E7: produs | F7: 1.33 | G7: 0.5 | H7: =(F7*Ipoteze!$B$4*(1+Ipoteze!$B$6)+G7*Ipoteze!$B$4+(Ipoteze!$B$7*Ipoteze!$B$5+Ipoteze!$B$8)/Ipoteze!$B$9)*(1+Ipoteze!$B$10) -> 11.408045 | I7: 2 | J7: 45 | K7: Vezi | L7: eMAG 17–31 lei/5 m | M7: =I7*H7+Ipoteze!$B$11+Ipoteze!$B$12+Ipoteze!$B$14+J7*(Ipoteze!$B$15+Ipoteze!$B$16)+Ipoteze!$B$17*(Ipoteze!$B$13+0.5*I7*H7)+Ipoteze!$B$18*(H7+Ipoteze!$B$13)+Ipoteze!$B$21 -> 35.447814 | N7: =J7-M7 -> 9.5521857 | O7: =N7+Ipoteze!$B$21-Ipoteze!$B$19 -> -7.4478143 | P7: =O7-Ipoteze!$B$13 -> -24.447814 | Q7: =IFERROR(N7/J7,0) -> 0.21227079
A8: 4 | C8: Plasă/buzunar portbagaj velcro (2 buc) | D8: Deschide | E8: căutare | F8: 1.5 | G8: 0.5 | H8: =(F8*Ipoteze!$B$4*(1+Ipoteze!$B$6)+G8*Ipoteze!$B$4+(Ipoteze!$B$7*Ipoteze!$B$5+Ipoteze!$B$8)/Ipoteze!$B$9)*(1+Ipoteze!$B$10) -> 12.436479 | I8: 2 | J8: 39 | K8: Vezi | L8: eMAG 17–19 lei; 24 lei/2 | M8: =I8*H8+Ipoteze!$B$11+Ipoteze!$B$12+Ipoteze!$B$14+J8*(Ipoteze!$B$15+Ipoteze!$B$16)+Ipoteze!$B$17*(Ipoteze!$B$13+0.5*I8*H8)+Ipoteze!$B$18*(H8+Ipoteze!$B$13)+Ipoteze!$B$21 -> 37.387242 | N8: =J8-M8 -> 1.6127583 | O8: =N8+Ipoteze!$B$21-Ipoteze!$B$19 -> -15.387242 | P8: =O8-Ipoteze!$B$13 -> -32.387242 | Q8: =IFERROR(N8/J8,0) -> 0.041352776
A9: 5 | C9: Răzuitor gheață cu mănușă | D9: Deschide | E9: căutare | F9: 2.5 | G9: 0.5 | H9: =(F9*Ipoteze!$B$4*(1+Ipoteze!$B$6)+G9*Ipoteze!$B$4+(Ipoteze!$B$7*Ipoteze!$B$5+Ipoteze!$B$8)/Ipoteze!$B$9)*(1+Ipoteze!$B$10) -> 18.486092 | I9: 1 | J9: 39 | K9: Vezi | L9: Dedeman 26,08; eMAG 19–40 | M9: =I9*H9+Ipoteze!$B$11+Ipoteze!$B$12+Ipoteze!$B$14+J9*(Ipoteze!$B$15+Ipoteze!$B$16)+Ipoteze!$B$17*(Ipoteze!$B$13+0.5*I9*H9)+Ipoteze!$B$18*(H9+Ipoteze!$B$13)+Ipoteze!$B$21 -> 30.990258 | N9: =J9-M9 -> 8.0097424 | O9: =N9+Ipoteze!$B$21-Ipoteze!$B$19 -> -8.9902576 | P9: =O9-Ipoteze!$B$13 -> -25.990258 | Q9: =IFERROR(N9/J9,0) -> 0.20537801
A10: 6 | B10: TOP 3 | C10: Set 5 perii detailing păr natural | D10: Deschide | E10: produs | F10: 4.93 | G10: 0.5 | H10: =(F10*Ipoteze!$B$4*(1+Ipoteze!$B$6)+G10*Ipoteze!$B$4+(Ipoteze!$B$7*Ipoteze!$B$5+Ipoteze!$B$8)/Ipoteze!$B$9)*(1+Ipoteze!$B$10) -> 33.186651 | I10: 1 | J10: 79 | K10: Vezi | L10: eMAG 69,68–78,99; OLX 40–55 | M10: =I10*H10+Ipoteze!$B$11+Ipoteze!$B$12+Ipoteze!$B$14+J10*(Ipoteze!$B$15+Ipoteze!$B$16)+Ipoteze!$B$17*(Ipoteze!$B$13+0.5*I10*H10)+Ipoteze!$B$18*(H10+Ipoteze!$B$13)+Ipoteze!$B$21 -> 47.97285 | N10: =J10-M10 -> 31.02715 | O10: =N10+Ipoteze!$B$21-Ipoteze!$B$19 -> 14.02715 | P10: =O10-Ipoteze!$B$13 -> -2.9728503 | Q10: =IFERROR(N10/J10,0) -> 0.39274873
A11: 7 | C11: Crampoane antiderapante (2 perechi) | D11: Deschide | E11: căutare | F11: 3 | G11: 0.5 | H11: =(F11*Ipoteze!$B$4*(1+Ipoteze!$B$6)+G11*Ipoteze!$B$4+(Ipoteze!$B$7*Ipoteze!$B$5+Ipoteze!$B$8)/Ipoteze!$B$9)*(1+Ipoteze!$B$10) -> 21.510898 | I11: 2 | J11: 69 | K11: Vezi | L11: eMAG 39,93–66,55; Veriga 99–189 | M11: =I11*H11+Ipoteze!$B$11+Ipoteze!$B$12+Ipoteze!$B$14+J11*(Ipoteze!$B$15+Ipoteze!$B$16)+Ipoteze!$B$17*(Ipoteze!$B$13+0.5*I11*H11)+Ipoteze!$B$18*(H11+Ipoteze!$B$13)+Ipoteze!$B$21 -> 57.402778 | N11: =J11-M11 -> 11.597222 | O11: =N11+Ipoteze!$B$21-Ipoteze!$B$19 -> -5.4027779 | P11: =O11-Ipoteze!$B$13 -> -22.402778 | Q11: =IFERROR(N11/J11,0) -> 0.16807568 | R11: ⚠ Cere certificare EIP + CE
A12: 8 | C12: Perie șine geam (set 3) | D12: Deschide | E12: produs | F12: 1 | G12: 0.15 | H12: =(F12*Ipoteze!$B$4*(1+Ipoteze!$B$6)+G12*Ipoteze!$B$4+(Ipoteze!$B$7*Ipoteze!$B$5+Ipoteze!$B$8)/Ipoteze!$B$9)*(1+Ipoteze!$B$10) -> 7.6617849 | I12: 3 | J12: 25 | K12: Vezi | L12: eMAG de la 4,24 lei | M12: =I12*H12+Ipoteze!$B$11+Ipoteze!$B$12+Ipoteze!$B$14+J12*(Ipoteze!$B$15+Ipoteze!$B$16)+Ipoteze!$B$17*(Ipoteze!$B$13+0.5*I12*H12)+Ipoteze!$B$18*(H12+Ipoteze!$B$13)+Ipoteze!$B$21 -> 34.809769 | N12: =J12-M12 -> -9.8097689 | O12: =N12+Ipoteze!$B$21-Ipoteze!$B$19 -> -26.809769 | P12: =O12-Ipoteze!$B$13 -> -43.809769 | Q12: =IFERROR(N12/J12,0) -> -0.39239076
A13: 9 | C13: Sită silicon păr scurgere (set 4) | D13: Deschide | E13: produs | F13: 1.09 | G13: 0.15 | H13: =(F13*Ipoteze!$B$4*(1+Ipoteze!$B$6)+G13*Ipoteze!$B$4+(Ipoteze!$B$7*Ipoteze!$B$5+Ipoteze!$B$8)/Ipoteze!$B$9)*(1+Ipoteze!$B$10) -> 8.2062501 | I13: 4 | J13: 29 | K13: Vezi | L13: eMAG de la 2,94 lei | M13: =I13*H13+Ipoteze!$B$11+Ipoteze!$B$12+Ipoteze!$B$14+J13*(Ipoteze!$B$15+Ipoteze!$B$16)+Ipoteze!$B$17*(Ipoteze!$B$13+0.5*I13*H13)+Ipoteze!$B$18*(H13+Ipoteze!$B$13)+Ipoteze!$B$21 -> 45.100938 | N13: =J13-M13 -> -16.100938 | O13: =N13+Ipoteze!$B$21-Ipoteze!$B$19 -> -33.100938 | P13: =O13-Ipoteze!$B$13 -> -50.100938 | Q13: =IFERROR(N13/J13,0) -> -0.55520475
A14: 10 | C14: Capace silicon extensibile set 6 | D14: Deschide | E14: produs | F14: 2 | G14: 0.5 | H14: =(F14*Ipoteze!$B$4*(1+Ipoteze!$B$6)+G14*Ipoteze!$B$4+(Ipoteze!$B$7*Ipoteze!$B$5+Ipoteze!$B$8)/Ipoteze!$B$9)*(1+Ipoteze!$B$10) -> 15.461286 | I14: 1 | J14: 39 | K14: Vezi | L14: eMAG 11–42 lei | M14: =I14*H14+Ipoteze!$B$11+Ipoteze!$B$12+Ipoteze!$B$14+J14*(Ipoteze!$B$15+Ipoteze!$B$16)+Ipoteze!$B$17*(Ipoteze!$B$13+0.5*I14*H14)+Ipoteze!$B$18*(H14+Ipoteze!$B$13)+Ipoteze!$B$21 -> 27.783963 | N14: =J14-M14 -> 11.216037 | O14: =N14+Ipoteze!$B$21-Ipoteze!$B$19 -> -5.7839628 | P14: =O14-Ipoteze!$B$13 -> -22.783963 | Q14: =IFERROR(N14/J14,0) -> 0.2875907
A15: 11 | C15: Separatoare sertar extensibile (set 4) | D15: Deschide | E15: produs | F15: 3 | G15: 1.5 | H15: =(F15*Ipoteze!$B$4*(1+Ipoteze!$B$6)+G15*Ipoteze!$B$4+(Ipoteze!$B$7*Ipoteze!$B$5+Ipoteze!$B$8)/Ipoteze!$B$9)*(1+Ipoteze!$B$10) -> 26.510579 | I15: 4 | J15: 119 | K15: Vezi | L15: Elindor 129,99/5; 139,99/8 | M15: =I15*H15+Ipoteze!$B$11+Ipoteze!$B$12+Ipoteze!$B$14+J15*(Ipoteze!$B$15+Ipoteze!$B$16)+Ipoteze!$B$17*(Ipoteze!$B$13+0.5*I15*H15)+Ipoteze!$B$18*(H15+Ipoteze!$B$13)+Ipoteze!$B$21 -> 124.2139 | N15: =J15-M15 -> -5.2139008 | O15: =N15+Ipoteze!$B$21-Ipoteze!$B$19 -> -22.213901 | P15: =O15-Ipoteze!$B$13 -> -39.213901 | Q15: =IFERROR(N15/J15,0) -> -0.043814292 | R15: Preț AliExpress neverificat
A16: 12 | C16: Cleme cabluri autoadezive (set 40) | D16: Deschide | E16: produs | F16: 0.99 | G16: 0.15 | H16: =(F16*Ipoteze!$B$4*(1+Ipoteze!$B$6)+G16*Ipoteze!$B$4+(Ipoteze!$B$7*Ipoteze!$B$5+Ipoteze!$B$8)/Ipoteze!$B$9)*(1+Ipoteze!$B$10) -> 7.6012888 | I16: 2 | J16: 29 | K16: Vezi | L16: eMAG 9–25 lei | M16: =I16*H16+Ipoteze!$B$11+Ipoteze!$B$12+Ipoteze!$B$14+J16*(Ipoteze!$B$15+Ipoteze!$B$16)+Ipoteze!$B$17*(Ipoteze!$B$13+0.5*I16*H16)+Ipoteze!$B$18*(H16+Ipoteze!$B$13)+Ipoteze!$B$21 -> 26.931694 | N16: =J16-M16 -> 2.0683065 | O16: =N16+Ipoteze!$B$21-Ipoteze!$B$19 -> -14.931694 | P16: =O16-Ipoteze!$B$13 -> -31.931694 | Q16: =IFERROR(N16/J16,0) -> 0.071320913
A17: 13 | C17: Saci vidați + pompă (set 8) | D17: Deschide | E17: căutare | F17: 8 | G17: 1.5 | H17: =(F17*Ipoteze!$B$4*(1+Ipoteze!$B$6)+G17*Ipoteze!$B$4+(Ipoteze!$B$7*Ipoteze!$B$5+Ipoteze!$B$8)/Ipoteze!$B$9)*(1+Ipoteze!$B$10) -> 56.758643 | I17: 1 | J17: 79 | K17: Vezi | L17: eMAG 45–130 lei | M17: =I17*H17+Ipoteze!$B$11+Ipoteze!$B$12+Ipoteze!$B$14+J17*(Ipoteze!$B$15+Ipoteze!$B$16)+Ipoteze!$B$17*(Ipoteze!$B$13+0.5*I17*H17)+Ipoteze!$B$18*(H17+Ipoteze!$B$13)+Ipoteze!$B$21 -> 72.959161 | N17: =J17-M17 -> 6.040839 | O17: =N17+Ipoteze!$B$21-Ipoteze!$B$19 -> -10.959161 | P17: =O17-Ipoteze!$B$13 -> -27.959161 | Q17: =IFERROR(N17/J17,0) -> 0.076466316
A18: 14 | C18: Covoraș silicon robinet | D18: Deschide | E18: produs | F18: 3 | G18: 0.5 | H18: =(F18*Ipoteze!$B$4*(1+Ipoteze!$B$6)+G18*Ipoteze!$B$4+(Ipoteze!$B$7*Ipoteze!$B$5+Ipoteze!$B$8)/Ipoteze!$B$9)*(1+Ipoteze!$B$10) -> 21.510898 | I18: 1 | J18: 49 | K18: Vezi | L18: eMAG 20–45 lei | M18: =I18*H18+Ipoteze!$B$11+Ipoteze!$B$12+Ipoteze!$B$14+J18*(Ipoteze!$B$15+Ipoteze!$B$16)+Ipoteze!$B$17*(Ipoteze!$B$13+0.5*I18*H18)+Ipoteze!$B$18*(H18+Ipoteze!$B$13)+Ipoteze!$B$21 -> 34.546552 | N18: =J18-M18 -> 14.453448 | O18: =N18+Ipoteze!$B$21-Ipoteze!$B$19 -> -2.5465524 | P18: =O18-Ipoteze!$B$13 -> -19.546552 | Q18: =IFERROR(N18/J18,0) -> 0.29496832
A19: 15 | C19: Șnur telefon crossbody + patch (2 buc) | D19: Deschide | E19: căutare | F19: 1.5 | G19: 0.15 | H19: =(F19*Ipoteze!$B$4*(1+Ipoteze!$B$6)+G19*Ipoteze!$B$4+(Ipoteze!$B$7*Ipoteze!$B$5+Ipoteze!$B$8)/Ipoteze!$B$9)*(1+Ipoteze!$B$10) -> 10.686591 | I19: 2 | J19: 49 | K19: Vezi | L19: eMAG 14–30 lei | M19: =I19*H19+Ipoteze!$B$11+Ipoteze!$B$12+Ipoteze!$B$14+J19*(Ipoteze!$B$15+Ipoteze!$B$16)+Ipoteze!$B$17*(Ipoteze!$B$13+0.5*I19*H19)+Ipoteze!$B$18*(H19+Ipoteze!$B$13)+Ipoteze!$B$21 -> 34.079976 | N19: =J19-M19 -> 14.920024 | O19: =N19+Ipoteze!$B$21-Ipoteze!$B$19 -> -2.0799758 | P19: =O19-Ipoteze!$B$13 -> -19.079976 | Q19: =IFERROR(N19/J19,0) -> 0.30449029
A20: 16 | C20: Protecții spirală cablu (set 10) | D20: Deschide | E20: căutare | F20: 1 | G20: 0.15 | H20: =(F20*Ipoteze!$B$4*(1+Ipoteze!$B$6)+G20*Ipoteze!$B$4+(Ipoteze!$B$7*Ipoteze!$B$5+Ipoteze!$B$8)/Ipoteze!$B$9)*(1+Ipoteze!$B$10) -> 7.6617849 | I20: 1 | J20: 25 | K20: Vezi | L20: eMAG 10–20 lei | M20: =I20*H20+Ipoteze!$B$11+Ipoteze!$B$12+Ipoteze!$B$14+J20*(Ipoteze!$B$15+Ipoteze!$B$16)+Ipoteze!$B$17*(Ipoteze!$B$13+0.5*I20*H20)+Ipoteze!$B$18*(H20+Ipoteze!$B$13)+Ipoteze!$B$21 -> 19.026492 | N20: =J20-M20 -> 5.973508 | O20: =N20+Ipoteze!$B$21-Ipoteze!$B$19 -> -11.026492 | P20: =O20-Ipoteze!$B$13 -> -28.026492 | Q20: =IFERROR(N20/J20,0) -> 0.23894032
A21: 17 | C21: Brățară magnetică șuruburi | D21: Deschide | E21: produs | F21: 3 | G21: 0.5 | H21: =(F21*Ipoteze!$B$4*(1+Ipoteze!$B$6)+G21*Ipoteze!$B$4+(Ipoteze!$B$7*Ipoteze!$B$5+Ipoteze!$B$8)/Ipoteze!$B$9)*(1+Ipoteze!$B$10) -> 21.510898 | I21: 1 | J21: 49 | K21: Vezi | L21: eMAG 9,60–90 lei | M21: =I21*H21+Ipoteze!$B$11+Ipoteze!$B$12+Ipoteze!$B$14+J21*(Ipoteze!$B$15+Ipoteze!$B$16)+Ipoteze!$B$17*(Ipoteze!$B$13+0.5*I21*H21)+Ipoteze!$B$18*(H21+Ipoteze!$B$13)+Ipoteze!$B$21 -> 34.546552 | N21: =J21-M21 -> 14.453448 | O21: =N21+Ipoteze!$B$21-Ipoteze!$B$19 -> -2.5465524 | P21: =O21-Ipoteze!$B$13 -> -19.546552 | Q21: =IFERROR(N21/J21,0) -> 0.29496832
A22: 18 | C22: Colector praf burghiu (set 2) | D22: Deschide | E22: produs | F22: 1.2 | G22: 0.15 | H22: =(F22*Ipoteze!$B$4*(1+Ipoteze!$B$6)+G22*Ipoteze!$B$4+(Ipoteze!$B$7*Ipoteze!$B$5+Ipoteze!$B$8)/Ipoteze!$B$9)*(1+Ipoteze!$B$10) -> 8.8717075 | I22: 2 | J22: 29 | K22: Vezi | L22: KWB 9,68 lei | M22: =I22*H22+Ipoteze!$B$11+Ipoteze!$B$12+Ipoteze!$B$14+J22*(Ipoteze!$B$15+Ipoteze!$B$16)+Ipoteze!$B$17*(Ipoteze!$B$13+0.5*I22*H22)+Ipoteze!$B$18*(H22+Ipoteze!$B$13)+Ipoteze!$B$21 -> 29.586869 | N22: =J22-M22 -> -0.58686859 | O22: =N22+Ipoteze!$B$21-Ipoteze!$B$19 -> -17.586869 | P22: =O22-Ipoteze!$B$13 -> -34.586869 | Q22: =IFERROR(N22/J22,0) -> -0.020236848
A23: 19 | C23: Șablon contur 25 cm cu blocare | D23: Deschide | E23: produs | F23: 5 | G23: 0.5 | H23: =(F23*Ipoteze!$B$4*(1+Ipoteze!$B$6)+G23*Ipoteze!$B$4+(Ipoteze!$B$7*Ipoteze!$B$5+Ipoteze!$B$8)/Ipoteze!$B$9)*(1+Ipoteze!$B$10) -> 33.610124 | I23: 1 | J23: 69 | K23: Vezi | L23: Geko 25 cm 28,08; OLX 70 | M23: =I23*H23+Ipoteze!$B$11+Ipoteze!$B$12+Ipoteze!$B$14+J23*(Ipoteze!$B$15+Ipoteze!$B$16)+Ipoteze!$B$17*(Ipoteze!$B$13+0.5*I23*H23)+Ipoteze!$B$18*(H23+Ipoteze!$B$13)+Ipoteze!$B$21 -> 48.071732 | N23: =J23-M23 -> 20.928268 | O23: =N23+Ipoteze!$B$21-Ipoteze!$B$19 -> 3.9282685 | P23: =O23-Ipoteze!$B$13 -> -13.071732 | Q23: =IFERROR(N23/J23,0) -> 0.30330824 | R23: 4,98$ probabil varianta 5"
A24: 20 | C24: Rolă reutilizabilă păr animale | D24: Deschide | E24: produs | F24: 2 | G24: 0.5 | H24: =(F24*Ipoteze!$B$4*(1+Ipoteze!$B$6)+G24*Ipoteze!$B$4+(Ipoteze!$B$7*Ipoteze!$B$5+Ipoteze!$B$8)/Ipoteze!$B$9)*(1+Ipoteze!$B$10) -> 15.461286 | I24: 1 | J24: 49 | K24: Vezi | L24: eMAG 7–47 lei | M24: =I24*H24+Ipoteze!$B$11+Ipoteze!$B$12+Ipoteze!$B$14+J24*(Ipoteze!$B$15+Ipoteze!$B$16)+Ipoteze!$B$17*(Ipoteze!$B$13+0.5*I24*H24)+Ipoteze!$B$18*(H24+Ipoteze!$B$13)+Ipoteze!$B$21 -> 28.133963 | N24: =J24-M24 -> 20.866037 | O24: =N24+Ipoteze!$B$21-Ipoteze!$B$19 -> 3.8660372 | P24: =O24-Ipoteze!$B$13 -> -13.133963 | Q24: =IFERROR(N24/J24,0) -> 0.42583749 | R24: Risc design protejat
A25: 21 | B25: TOP 2 | C25: Covoraș de lins câini/pisici (2 buc) | D25: Deschide | E25: căutare | F25: 1.8 | G25: 0.5 | H25: =(F25*Ipoteze!$B$4*(1+Ipoteze!$B$6)+G25*Ipoteze!$B$4+(Ipoteze!$B$7*Ipoteze!$B$5+Ipoteze!$B$8)/Ipoteze!$B$9)*(1+Ipoteze!$B$10) -> 14.251363 | I25: 2 | J25: 69 | K25: Vezi | L25: eMAG 43,99–45 lei | M25: =I25*H25+Ipoteze!$B$11+Ipoteze!$B$12+Ipoteze!$B$14+J25*(Ipoteze!$B$15+Ipoteze!$B$16)+Ipoteze!$B$17*(Ipoteze!$B$13+0.5*I25*H25)+Ipoteze!$B$18*(H25+Ipoteze!$B$13)+Ipoteze!$B$21 -> 42.230349 | N25: =J25-M25 -> 26.769651 | O25: =N25+Ipoteze!$B$21-Ipoteze!$B$19 -> 9.769651 | P25: =O25-Ipoteze!$B$13 -> -7.230349 | Q25: =IFERROR(N25/J25,0) -> 0.38796596
A26: 22 | C26: Dispenser pungi + 20 role | D26: Deschide | E26: căutare | F26: 3.5 | G26: 1.5 | H26: =(F26*Ipoteze!$B$4*(1+Ipoteze!$B$6)+G26*Ipoteze!$B$4+(Ipoteze!$B$7*Ipoteze!$B$5+Ipoteze!$B$8)/Ipoteze!$B$9)*(1+Ipoteze!$B$10) -> 29.535385 | I26: 1 | J26: 59 | K26: Vezi | L26: eMAG 38–60 lei | M26: =I26*H26+Ipoteze!$B$11+Ipoteze!$B$12+Ipoteze!$B$14+J26*(Ipoteze!$B$15+Ipoteze!$B$16)+Ipoteze!$B$17*(Ipoteze!$B$13+0.5*I26*H26)+Ipoteze!$B$18*(H26+Ipoteze!$B$13)+Ipoteze!$B$21 -> 43.402508 | N26: =J26-M26 -> 15.597492 | O26: =N26+Ipoteze!$B$21-Ipoteze!$B$19 -> -1.402508 | P26: =O26-Ipoteze!$B$13 -> -18.402508 | Q26: =IFERROR(N26/J26,0) -> 0.26436427 | R26: Nu afirma «biodegradabil» fără certificat
A27: 23 | C27: Mănușă toaletaj (pereche) | D27: Deschide | E27: produs | F27: 1.5 | G27: 0.15 | H27: =(F27*Ipoteze!$B$4*(1+Ipoteze!$B$6)+G27*Ipoteze!$B$4+(Ipoteze!$B$7*Ipoteze!$B$5+Ipoteze!$B$8)/Ipoteze!$B$9)*(1+Ipoteze!$B$10) -> 10.686591 | I27: 2 | J27: 45 | K27: Vezi | L27: eMAG 7–37 lei | M27: =I27*H27+Ipoteze!$B$11+Ipoteze!$B$12+Ipoteze!$B$14+J27*(Ipoteze!$B$15+Ipoteze!$B$16)+Ipoteze!$B$17*(Ipoteze!$B$13+0.5*I27*H27)+Ipoteze!$B$18*(H27+Ipoteze!$B$13)+Ipoteze!$B$21 -> 33.939976 | N27: =J27-M27 -> 11.060024 | O27: =N27+Ipoteze!$B$21-Ipoteze!$B$19 -> -5.9399758 | P27: =O27-Ipoteze!$B$13 -> -22.939976 | Q27: =IFERROR(N27/J27,0) -> 0.24577832
A28: 24 | C28: Clopoței avertizare pescuit (set 6) | D28: Deschide | E28: produs | F28: 0.4 | G28: 0.15 | H28: =(F28*Ipoteze!$B$4*(1+Ipoteze!$B$6)+G28*Ipoteze!$B$4+(Ipoteze!$B$7*Ipoteze!$B$5+Ipoteze!$B$8)/Ipoteze!$B$9)*(1+Ipoteze!$B$10) -> 4.0320172 | I28: 6 | J28: 25 | K28: Vezi | L28: eMAG 6 buc 14,90 lei | M28: =I28*H28+Ipoteze!$B$11+Ipoteze!$B$12+Ipoteze!$B$14+J28*(Ipoteze!$B$15+Ipoteze!$B$16)+Ipoteze!$B$17*(Ipoteze!$B$13+0.5*I28*H28)+Ipoteze!$B$18*(H28+Ipoteze!$B$13)+Ipoteze!$B$21 -> 35.943827 | N28: =J28-M28 -> -10.943827 | O28: =N28+Ipoteze!$B$21-Ipoteze!$B$19 -> -27.943827 | P28: =O28-Ipoteze!$B$13 -> -44.943827 | Q28: =IFERROR(N28/J28,0) -> -0.43775308 | R28: Evită variantele cu baterie/LED
A29: 25 | B29: TOP 1 | C29: Kit montaje crap asamblat (fără plumb) | D29: Deschide | E29: produs | F29: 5.5 | G29: 0.5 | H29: =(F29*Ipoteze!$B$4*(1+Ipoteze!$B$6)+G29*Ipoteze!$B$4+(Ipoteze!$B$7*Ipoteze!$B$5+Ipoteze!$B$8)/Ipoteze!$B$9)*(1+Ipoteze!$B$10) -> 36.634931 | I29: 1 | J29: 99 | K29: Vezi | L29: eMAG kituri 82,50–99 lei | M29: =I29*H29+Ipoteze!$B$11+Ipoteze!$B$12+Ipoteze!$B$14+J29*(Ipoteze!$B$15+Ipoteze!$B$16)+Ipoteze!$B$17*(Ipoteze!$B$13+0.5*I29*H29)+Ipoteze!$B$18*(H29+Ipoteze!$B$13)+Ipoteze!$B$21 -> 52.328026 | N29: =J29-M29 -> 46.671974 | O29: =N29+Ipoteze!$B$21-Ipoteze!$B$19 -> 29.671974 | P29: =O29-Ipoteze!$B$13 -> 12.671974 | Q29: =IFERROR(N29/J29,0) -> 0.47143408 | R29: Fără plumb (restricție REACH)
A30: 26 | C30: Benzi neopren lansete (set 10) | D30: Deschide | E30: produs | F30: 3.74 | G30: 0.15 | H30: =(F30*Ipoteze!$B$4*(1+Ipoteze!$B$6)+G30*Ipoteze!$B$4+(Ipoteze!$B$7*Ipoteze!$B$5+Ipoteze!$B$8)/Ipoteze!$B$9)*(1+Ipoteze!$B$10) -> 24.237724 | I30: 1 | J30: 45 | K30: — | L30: neverificat | M30: =I30*H30+Ipoteze!$B$11+Ipoteze!$B$12+Ipoteze!$B$14+J30*(Ipoteze!$B$15+Ipoteze!$B$16)+Ipoteze!$B$17*(Ipoteze!$B$13+0.5*I30*H30)+Ipoteze!$B$18*(H30+Ipoteze!$B$13)+Ipoteze!$B$21 -> 37.296987 | N30: =J30-M30 -> 7.7030126 | O30: =N30+Ipoteze!$B$21-Ipoteze!$B$19 -> -9.2969874 | P30: =O30-Ipoteze!$B$13 -> -26.296987 | Q30: =IFERROR(N30/J30,0) -> 0.17117806
A31: 27 | C31: Manșon neopren cabluri (set 2) | D31: Deschide | E31: produs | F31: 2.87 | G31: 0.5 | H31: =(F31*Ipoteze!$B$4*(1+Ipoteze!$B$6)+G31*Ipoteze!$B$4+(Ipoteze!$B$7*Ipoteze!$B$5+Ipoteze!$B$8)/Ipoteze!$B$9)*(1+Ipoteze!$B$10) -> 20.724449 | I31: 2 | J31: 59 | K31: Vezi | L31: eMAG 43–81 lei/4 buc | M31: =I31*H31+Ipoteze!$B$11+Ipoteze!$B$12+Ipoteze!$B$14+J31*(Ipoteze!$B$15+Ipoteze!$B$16)+Ipoteze!$B$17*(Ipoteze!$B$13+0.5*I31*H31)+Ipoteze!$B$18*(H31+Ipoteze!$B$13)+Ipoteze!$B$21 -> 55.409098 | N31: =J31-M31 -> 3.5909019 | O31: =N31+Ipoteze!$B$21-Ipoteze!$B$19 -> -13.409098 | P31: =O31-Ipoteze!$B$13 -> -30.409098 | Q31: =IFERROR(N31/J31,0) -> 0.060862745
A32: 28 | C32: Țepi irigare teracotă (set 4) | D32: Deschide | E32: produs | F32: 1 | G32: 0.5 | H32: =(F32*Ipoteze!$B$4*(1+Ipoteze!$B$6)+G32*Ipoteze!$B$4+(Ipoteze!$B$7*Ipoteze!$B$5+Ipoteze!$B$8)/Ipoteze!$B$9)*(1+Ipoteze!$B$10) -> 9.4116729 | I32: 4 | J32: 69 | K32: Vezi | L32: eMAG 54,73 lei/buc | M32: =I32*H32+Ipoteze!$B$11+Ipoteze!$B$12+Ipoteze!$B$14+J32*(Ipoteze!$B$15+Ipoteze!$B$16)+Ipoteze!$B$17*(Ipoteze!$B$13+0.5*I32*H32)+Ipoteze!$B$18*(H32+Ipoteze!$B$13)+Ipoteze!$B$21 -> 51.503443 | N32: =J32-M32 -> 17.496557 | O32: =N32+Ipoteze!$B$21-Ipoteze!$B$19 -> 0.49655747 | P32: =O32-Ipoteze!$B$13 -> -16.503443 | Q32: =IFERROR(N32/J32,0) -> 0.2535733 | R32: Fragil
A33: 29 | C33: Șireturi elastice cu blocare (3 perechi) | D33: Deschide | E33: produs (capsule) | F33: 0.8 | G33: 0.15 | H33: =(F33*Ipoteze!$B$4*(1+Ipoteze!$B$6)+G33*Ipoteze!$B$4+(Ipoteze!$B$7*Ipoteze!$B$5+Ipoteze!$B$8)/Ipoteze!$B$9)*(1+Ipoteze!$B$10) -> 6.4518623 | I33: 3 | J33: 45 | K33: Vezi | L33: eMAG 28,97/2; OLX 15–26 | M33: =I33*H33+Ipoteze!$B$11+Ipoteze!$B$12+Ipoteze!$B$14+J33*(Ipoteze!$B$15+Ipoteze!$B$16)+Ipoteze!$B$17*(Ipoteze!$B$13+0.5*I33*H33)+Ipoteze!$B$18*(H33+Ipoteze!$B$13)+Ipoteze!$B$21 -> 31.734811 | N33: =J33-M33 -> 13.265189 | O33: =N33+Ipoteze!$B$21-Ipoteze!$B$19 -> -3.7348105 | P33: =O33-Ipoteze!$B$13 -> -20.734811 | Q33: =IFERROR(N33/J33,0) -> 0.29478199
A34: 30 | C34: Bandă etanșare uși/geam 6 m (2 role) | D34: Deschide | E34: căutare | F34: 1.5 | G34: 0.5 | H34: =(F34*Ipoteze!$B$4*(1+Ipoteze!$B$6)+G34*Ipoteze!$B$4+(Ipoteze!$B$7*Ipoteze!$B$5+Ipoteze!$B$8)/Ipoteze!$B$9)*(1+Ipoteze!$B$10) -> 12.436479 | I34: 2 | J34: 49 | K34: Vezi | L34: eMAG 5,90–56,99 lei | M34: =I34*H34+Ipoteze!$B$11+Ipoteze!$B$12+Ipoteze!$B$14+J34*(Ipoteze!$B$15+Ipoteze!$B$16)+Ipoteze!$B$17*(Ipoteze!$B$13+0.5*I34*H34)+Ipoteze!$B$18*(H34+Ipoteze!$B$13)+Ipoteze!$B$21 -> 37.737242 | N34: =J34-M34 -> 11.262758 | O34: =N34+Ipoteze!$B$21-Ipoteze!$B$19 -> -5.7372417 | P34: =O34-Ipoteze!$B$13 -> -22.737242 | Q34: =IFERROR(N34/J34,0) -> 0.22985221
A36: Verde = profit; roșu = pierdere. TOP 1–3 = recomandările din raport (kit crap, covoraș de lins, perii detailing).

Sheet Ipoteze
A1: Ipoteze (celulele galbene se pot modifica — tot tabelul se recalculează)
A3: Ipoteză | B3: Valoare | C3: Sursă / statut
A4: Curs USD → lei | B4: 4.7616 | C4: BNR 06.10.2026
A5: Curs EUR → lei | B5: 5.3527 | C5: BNR 06.10.2026
A6: TVA import (nerecuperabil) | B6: 0.21 | C6: Cota RO din 1.08.2025; plătit la AliExpress
A7: Taxă vamală UE pe colet (EUR) | B7: 3 | C7: Din 1.07.2026, colete <150 €, per linie tarifară
A8: Taxă logistică RO pe colet (lei) | B8: 25 | C8: Legea 239/2025, din 1.01.2026
A9: Unități pe colet de test | B9: 50 | C9: Ipoteză
A10: Marjă siguranță preț/curs | B10: 0.05 | C10: Ipoteză
A11: Ambalaj / comandă (lei) | B11: 2 | C11: Ipoteză
A12: Manipulare / comandă (lei) | B12: 1.5 | C12: Ipoteză
A13: Curier / comandă (lei) | B13: 17 | C13: Ipoteză — cere ofertă contractuală
A14: Platformă / comandă (lei) | B14: 2 | C14: Ipoteză
A15: Plată (% din preț) | B15: 0.025 | C15: Ipoteză
... A21: Cost organic / comandă (lei) | B21: 3 | C21: Ipoteză (conținut, mostre)
